{"cameraMode":{"drawMode":0,"name":"Shaded","section":"Shading Mode"},"sceneLighting":false,"audioPlay":false,"sceneViewState":{"m_AlwaysRefresh":false,"showFog":true,"showSkybox":false,"showFlares":true,"showImageEffects":true,"showParticleSystems":true,"showVisualEffectGraphs":true,"m_FxEnabled":true},"in2DMode":false,"pivot":{"x":519.47998046875,"y":257.92999267578127,"z":3.059999704360962},"rotation":{"x":0.08178012818098068,"y":0.025411784648895265,"z":-0.002085886662825942,"w":0.9963254332542419},"size":78.37612915039063,"orthographic":true}