{"cameraMode":{"drawMode":0,"name":"Shaded","section":"Shading Mode"},"sceneLighting":false,"audioPlay":false,"sceneViewState":{"m_AlwaysRefresh":false,"showFog":true,"showSkybox":false,"showFlares":true,"showImageEffects":true,"showParticleSystems":true,"showVisualEffectGraphs":true,"m_FxEnabled":true},"in2DMode":false,"pivot":{"x":519.47998046875,"y":257.92999267578127,"z":3.059999704360962},"rotation":{"x":0.1929258108139038,"y":0.050018198788166049,"z":-0.009846917353570462,"w":0.9798913598060608},"size":13.426472663879395,"orthographic":true}